Workbook

Sheet README_Web

Sheet Analysis_Dashboard
A1: Portfolio Summary (daily data, annualized)
B5: SPY Allocation: | C5: =Risk_Analysis!$M$3 -> 0.95274446
B6: XLU Allocation: | C6: =Risk_Analysis!$M$4 -> 0.047255539
B8: Annualized Return: | C8: =Risk_Analysis!M7 -> 0.12003076
B9: Annualized Volatility | C9: =Risk_Analysis!M8 -> 0.167337
B10: Sharpe Ratio: | C10: =Risk_Analysis!M9 -> 0.71729957
B11: Correlation (SPY/XLU): | C11: =Risk_Analysis!H6 -> 0.47589112

Sheet Methodology

Sheet Risk_Analysis
A1: Date | B1: SPY Price | C1: XLU Price | D1: SPY Return | E1: XLU Return | G1: STATISTICS | L1: PORTFOLIO MODEL | M1: SPY Weight
A2: 44181 | B2: 370.17 | C2: 31.205 | G2: Metrics | H2: SPY | I2: XLU
A3: 44182 | B3: 372.24 | C3: 31.415 | D3: =LN(B3/B2) -> 0.005576448 | E3: =LN(C3/C2) -> 0.0067071475 | G3: Daily Average Return | H3: =AVERAGE(D2:D1255) -> 0.0004874025 | I3: =AVERAGE(E2:E1255) -> 0.00025272183 | L3: SPY Weight | M3: 0.95274446
A4: 44183 | B4: 369.18 | C4: 31.145 | D4: =LN(B4/B3) -> -0.0082544776 | E4: =LN(C4/C3) -> -0.0086317671 | G4: Daily Volatility (StDev) | H4: =_xlfn.STDEV.S(D2:D1255) -> 0.010796642 | I4: =_xlfn.STDEV.S(E2:E1255) -> 0.01089736 | L4: XLU Weight | M4: 0.047255539
A5: 44186 | B5: 367.86 | C5: 30.51 | D5: =LN(B5/B4) -> -0.003581899 | E5: =LN(C5/C4) -> -0.02059922 | G5: Annualized Volatility | H5: =H4*SQRT(252) -> 0.17139138 | I5: =I4*SQRT(252) -> 0.17299023 | L5: Weight Total Check | M5: =SUM(M3:M4) -> 1
A6: 44187 | B6: 367.24 | C6: 30.45 | D6: =LN(B6/B5) -> -0.0016868457 | E6: =LN(C6/C5) -> -0.0019685046 | G6: Correlation (SPY & XLU) | H6: =CORREL(D2:D1255,E2:E1255) -> 0.47589112
A7: 44188 | B7: 367.57 | C7: 30.39 | D7: =LN(B7/B6) -> 0.00089819143 | E7: =LN(C7/C6) -> -0.0019723872 | G7: Annualized Average Return | H7: =H3*252 -> 0.12282543 | I7: =I3*252 -> 0.063685901 | L7: Portfolio Annual Return | M7: =(M3*H7) + (M4*I7) -> 0.12003076
A8: 44189 | B8: 369 | C8: 30.605 | D8: =LN(B8/B7) -> 0.0038828673 | E8: =LN(C8/C7) -> 0.0070497874 | L8: Portfolio Annual Volatility | M8: =SQRT((M3^2*H5^2) + (M4^2*I5^2) + (2*M3*M4*H5*I5*H6)) -> 0.167337
A9: 44193 | B9: 372.17 | C9: 30.74 | D9: =LN(B9/B8) -> 0.0085540951 | E9: =LN(C9/C8) -> 0.0044013438 | L9: Sharpe Ratio | M9: =M7/M8 -> 0.71729957
A10: 44194 | B10: 371.46 | C10: 30.735 | D10: =LN(B10/B9) -> -0.0019095524 | E10: =LN(C10/C9) -> -0.00016266775
A11: 44195 | B11: 371.99 | C11: 30.89 | D11: =LN(B11/B10) -> 0.0014257854 | E11: =LN(C11/C10) -> 0.0050304366
A12: 44196 | B12: 373.88 | C12: 31.35 | D12: =LN(B12/B11) -> 0.0050679181 | E12: =LN(C12/C11) -> 0.01478176
A13: 44200 | B13: 368.79 | C13: 30.56 | D13: =LN(B13/B12) -> -0.013707514 | E13: =LN(C13/C12) -> -0.025522303
A14: 44201 | B14: 371.33 | C14: 30.555 | D14: =LN(B14/B13) -> 0.0068637788 | E14: =LN(C14/C13) -> -0.00016362595
A15: 44202 | B15: 373.55 | C15: 31.315 | D15: =LN(B15/B14) -> 0.0059607093 | E15: =LN(C15/C14) -> 0.024568878
A16: 44203 | B16: 379.1 | C16: 30.905 | D16: =LN(B16/B15) -> 0.014748158 | E16: =LN(C16/C15) -> -0.013179233
A17: 44204 | B17: 381.26 | C17: 31.165 | D17: =LN(B17/B16) -> 0.0056815346 | E17: =LN(C17/C16) -> 0.0083776871
A18: 44207 | B18: 378.69 | C18: 30.875 | D18: =LN(B18/B17) -> -0.0067636287 | E18: =LN(C18/C17) -> -0.0093488753
A19: 44208 | B19: 378.77 | C19: 30.71 | D19: =LN(B19/B18) -> 0.00021123228 | E19: =LN(C19/C18) -> -0.0053584605
A20: 44209 | B20: 379.79 | C20: 31.31 | D20: =LN(B20/B19) -> 0.0026893077 | E20: =LN(C20/C19) -> 0.019349201
A21: 44210 | B21: 378.46 | C21: 31.19 | D21: =LN(B21/B20) -> -0.0035080814 | E21: =LN(C21/C20) -> -0.0038400047
... A1256: 46006 | B1256: 680.73 | C1256: 43.22 | D1256: =LN(B1256/B1255) -> -0.001511938 | E1256: =LN(C1256/C1255) -> 0.0090645595

Sheet Optimization_Calculations
A1: SPY Weight | B1: Exp. Return | C1: Exp. Risk | E1: Opt. Risk | F1: Opt. Return
A2: 0 | B2: =(A2*Risk_Analysis!$H$7)+((1-A2)*Risk_Analysis!$I$7) -> 0.063685901 | C2: =SQRT((A2^2*Risk_Analysis!$H$5^2)+((1-A2)^2*Risk_Analysis!$I$5^2)+(2*A2*(1-A2)*Risk_Analysis!$H$6*Risk_Analysis!$H$5*Risk_Analysis!$I$5)) -> 0.17299023 | E2: =Risk_Analysis!M8 -> 0.167337 | F2: =Risk_Analysis!M7 -> 0.12003076
A3: 0.1 | B3: =(A3*Risk_Analysis!$H$7)+((1-A3)*Risk_Analysis!$I$7) -> 0.069599854 | C3: =SQRT((A3^2*Risk_Analysis!$H$5^2)+((1-A3)^2*Risk_Analysis!$I$5^2)+(2*A3*(1-A3)*Risk_Analysis!$H$6*Risk_Analysis!$H$5*Risk_Analysis!$I$5)) -> 0.16453951
A4: 0.2 | B4: =(A4*Risk_Analysis!$H$7)+((1-A4)*Risk_Analysis!$I$7) -> 0.075513807 | C4: =SQRT((A4^2*Risk_Analysis!$H$5^2)+((1-A4)^2*Risk_Analysis!$I$5^2)+(2*A4*(1-A4)*Risk_Analysis!$H$6*Risk_Analysis!$H$5*Risk_Analysis!$I$5)) -> 0.15761505 | E4: SPY | F4: =Risk_Analysis!$M$3 -> 0.95274446
A5: 0.3 | B5: =(A5*Risk_Analysis!$H$7)+((1-A5)*Risk_Analysis!$I$7) -> 0.08142776 | C5: =SQRT((A5^2*Risk_Analysis!$H$5^2)+((1-A5)^2*Risk_Analysis!$I$5^2)+(2*A5*(1-A5)*Risk_Analysis!$H$6*Risk_Analysis!$H$5*Risk_Analysis!$I$5)) -> 0.15242501 | E5: XLU | F5: =Risk_Analysis!$M$4 -> 0.047255539
A6: 0.4 | B6: =(A6*Risk_Analysis!$H$7)+((1-A6)*Risk_Analysis!$I$7) -> 0.087341713 | C6: =SQRT((A6^2*Risk_Analysis!$H$5^2)+((1-A6)^2*Risk_Analysis!$I$5^2)+(2*A6*(1-A6)*Risk_Analysis!$H$6*Risk_Analysis!$H$5*Risk_Analysis!$I$5)) -> 0.14915054
A7: 0.5 | B7: =(A7*Risk_Analysis!$H$7)+((1-A7)*Risk_Analysis!$I$7) -> 0.093255665 | C7: =SQRT((A7^2*Risk_Analysis!$H$5^2)+((1-A7)^2*Risk_Analysis!$I$5^2)+(2*A7*(1-A7)*Risk_Analysis!$H$6*Risk_Analysis!$H$5*Risk_Analysis!$I$5)) -> 0.14791894
A8: 0.6 | B8: =(A8*Risk_Analysis!$H$7)+((1-A8)*Risk_Analysis!$I$7) -> 0.099169618 | C8: =SQRT((A8^2*Risk_Analysis!$H$5^2)+((1-A8)^2*Risk_Analysis!$I$5^2)+(2*A8*(1-A8)*Risk_Analysis!$H$6*Risk_Analysis!$H$5*Risk_Analysis!$I$5)) -> 0.14878092
A9: 0.7 | B9: =(A9*Risk_Analysis!$H$7)+((1-A9)*Risk_Analysis!$I$7) -> 0.10508357 | C9: =SQRT((A9^2*Risk_Analysis!$H$5^2)+((1-A9)^2*Risk_Analysis!$I$5^2)+(2*A9*(1-A9)*Risk_Analysis!$H$6*Risk_Analysis!$H$5*Risk_Analysis!$I$5)) -> 0.15170081
A10: 0.8 | B10: =(A10*Risk_Analysis!$H$7)+((1-A10)*Risk_Analysis!$I$7) -> 0.11099752 | C10: =SQRT((A10^2*Risk_Analysis!$H$5^2)+((1-A10)^2*Risk_Analysis!$I$5^2)+(2*A10*(1-A10)*Risk_Analysis!$H$6*Risk_Analysis!$H$5*Risk_Analysis!$I$5)) -> 0.15656352
A11: 0.9 | B11: =(A11*Risk_Analysis!$H$7)+((1-A11)*Risk_Analysis!$I$7) -> 0.11691148 | C11: =SQRT((A11^2*Risk_Analysis!$H$5^2)+((1-A11)^2*Risk_Analysis!$I$5^2)+(2*A11*(1-A11)*Risk_Analysis!$H$6*Risk_Analysis!$H$5*Risk_Analysis!$I$5)) -> 0.16319546
A12: 1 | B12: =(A12*Risk_Analysis!$H$7)+((1-A12)*Risk_Analysis!$I$7) -> 0.12282543 | C12: =SQRT((A12^2*Risk_Analysis!$H$5^2)+((1-A12)^2*Risk_Analysis!$I$5^2)+(2*A12*(1-A12)*Risk_Analysis!$H$6*Risk_Analysis!$H$5*Risk_Analysis!$I$5)) -> 0.17139138

Sheet Indexed_Performance_Data
A1: Date | B1: SPY ($1) | C1: XLU ($1)
A2: =Risk_Analysis!A2 -> 44181 | B2: 1 | C2: 1
A3: =Risk_Analysis!A3 -> 44182 | B3: =B2 * EXP(Risk_Analysis!D3) -> 1.005592 | C3: =C2 * EXP(Risk_Analysis!E3) -> 1.0067297
A4: =Risk_Analysis!A4 -> 44183 | B4: =B3 * EXP(Risk_Analysis!D4) -> 0.99732555 | C4: =C3 * EXP(Risk_Analysis!E4) -> 0.99807723
A5: =Risk_Analysis!A5 -> 44186 | B5: =B4 * EXP(Risk_Analysis!D5) -> 0.99375962 | C5: =C4 * EXP(Risk_Analysis!E5) -> 0.97772793
A6: =Risk_Analysis!A6 -> 44187 | B6: =B5 * EXP(Risk_Analysis!D6) -> 0.99208472 | C6: =C5 * EXP(Risk_Analysis!E6) -> 0.97580516
A7: =Risk_Analysis!A7 -> 44188 | B7: =B6 * EXP(Risk_Analysis!D7) -> 0.9929762 | C7: =C6 * EXP(Risk_Analysis!E7) -> 0.97388239
A8: =Risk_Analysis!A8 -> 44189 | B8: =B7 * EXP(Risk_Analysis!D8) -> 0.99683929 | C8: =C7 * EXP(Risk_Analysis!E8) -> 0.98077231
A9: =Risk_Analysis!A9 -> 44193 | B9: =B8 * EXP(Risk_Analysis!D9) -> 1.0054029 | C9: =C8 * EXP(Risk_Analysis!E9) -> 0.98509854
A10: =Risk_Analysis!A10 -> 44194 | B10: =B9 * EXP(Risk_Analysis!D10) -> 1.0034849 | C10: =C9 * EXP(Risk_Analysis!E10) -> 0.98493831
A11: =Risk_Analysis!A11 -> 44195 | B11: =B10 * EXP(Risk_Analysis!D11) -> 1.0049167 | C11: =C10 * EXP(Risk_Analysis!E11) -> 0.98990546
A12: =Risk_Analysis!A12 -> 44196 | B12: =B11 * EXP(Risk_Analysis!D12) -> 1.0100224 | C12: =C11 * EXP(Risk_Analysis!E12) -> 1.0046467
A13: =Risk_Analysis!A13 -> 44200 | B13: =B12 * EXP(Risk_Analysis!D13) -> 0.99627198 | C13: =C12 * EXP(Risk_Analysis!E13) -> 0.97933024
A14: =Risk_Analysis!A14 -> 44201 | B14: =B13 * EXP(Risk_Analysis!D14) -> 1.0031337 | C14: =C13 * EXP(Risk_Analysis!E14) -> 0.97917
... A1256: =Risk_Analysis!A1256 -> 46006 | B1256: =B1255 * EXP(Risk_Analysis!D1256) -> 1.8389659 | C1256: =C1255 * EXP(Risk_Analysis!E1256) -> 1.3850344

Sheet SPY_Raw_Data
A1: Date | B1: Close/Last | C1: Volume | D1: Open | E1: High | F1: Low
A2: 44181 | B2: 370.17 | C2: 58420520 | D2: 369.82 | E2: 371.16 | F2: 368.8676
A3: 44182 | B3: 372.24 | C3: 64119470 | D3: 371.94 | E3: 372.46 | F3: 371.05
A4: 44183 | B4: 369.18 | C4: 136542300 | D4: 370.97 | E4: 371.15 | F4: 367.02
A5: 44186 | B5: 367.86 | C5: 96386750 | D5: 364.97 | E5: 378.46 | F5: 362.03
A6: 44187 | B6: 367.24 | C6: 48388460 | D6: 368.21 | E6: 368.3317 | F6: 366.03
A7: 44188 | B7: 367.57 | C7: 46201400 | D7: 368.28 | E7: 369.62 | F7: 367.2172
A8: 44189 | B8: 369 | C8: 26457850 | D8: 368.08 | E8: 369.03 | F8: 367.45
A9: 44193 | B9: 372.17 | C9: 39000400 | D9: 371.74 | E9: 372.59 | F9: 371.07
A10: 44194 | B10: 371.46 | C10: 53680450 | D10: 373.81 | E10: 374 | F10: 370.83
A11: 44195 | B11: 371.99 | C11: 49455260 | D11: 372.34 | E11: 373.1 | F11: 371.57
A12: 44196 | B12: 373.88 | C12: 78520700 | D12: 371.78 | E12: 374.66 | F12: 371.232
A13: 44200 | B13: 368.79 | C13: 110210800 | D13: 375.31 | E13: 375.45 | F13: 364.82
... A1256: 46006 | B1256: 680.73 | C1256: 90810950 | D1256: 685.74 | E1256: 685.76 | F1256: 679.25

Sheet XLU_Raw_Data
A1: Date | B1: Close/Last | C1: Volume | D1: Open | E1: High | F1: Low
A2: 44181 | B2: 31.205 | C2: 24312960 | D2: 31.63 | E2: 31.79 | F2: 31.165
A3: 44182 | B3: 31.415 | C3: 25390140 | D3: 31.315 | E3: 31.6425 | F3: 31.31
A4: 44183 | B4: 31.145 | C4: 20877400 | D4: 31.42 | E4: 31.5325 | F4: 30.995
A5: 44186 | B5: 30.51 | C5: 27915420 | D5: 30.64 | E5: 30.64 | F5: 30.16
A6: 44187 | B6: 30.45 | C6: 24177180 | D6: 30.5 | E6: 30.5775 | F6: 30.36
A7: 44188 | B7: 30.39 | C7: 11543430 | D7: 30.595 | E7: 30.835 | F7: 30.385
A8: 44189 | B8: 30.605 | C8: 7272386 | D8: 30.455 | E8: 30.62 | F8: 30.29
A9: 44193 | B9: 30.74 | C9: 11739036 | D9: 30.765 | E9: 30.9375 | F9: 30.625
A10: 44194 | B10: 30.735 | C10: 15164958 | D10: 30.815 | E10: 30.96 | F10: 30.6475
A11: 44195 | B11: 30.89 | C11: 11847100 | D11: 30.755 | E11: 30.99 | F11: 30.705
A12: 44196 | B12: 31.35 | C12: 18183954 | D12: 30.895 | E12: 31.395 | F12: 30.8125
A13: 44200 | B13: 30.56 | C13: 25260780 | D13: 31.405 | E13: 31.405 | F13: 30.385
... A1256: 46006 | B1256: 43.22 | C1256: 19176440 | D1256: 43.11 | E1256: 43.29 | F1256: 42.83
